{"-76.0--1388.7044677734":{"heading":-76.0,"y":-1067.8706054688,"prophash":1569170020,"x":-1388.7044677734,"z":76.778091430664},"-165.0--1445.2690429688":{"heading":-165.0,"y":-1078.5297851562,"prophash":1841703198,"x":-1445.2690429688,"z":76.488121032715},"-256.0--1388.2440185547":{"heading":-256.0,"y":-1069.05859375,"prophash":-1021910969,"x":-1388.2440185547,"z":76.696578979492},"190.0--1448.2260742188":{"heading":190.0,"y":-1079.2540283203,"prophash":1841703198,"x":-1448.2260742188,"z":75.364585876465},"-197.0--1465.1550292969":{"heading":-197.0,"y":-1118.3199462891,"prophash":1841703198,"x":-1465.1550292969,"z":74.594970703125},"-159.0--1441.4642333984":{"heading":-159.0,"y":-1077.0823974609,"prophash":1841703198,"x":-1441.4642333984,"z":75.455589294434}}