{"0.0-1007.9251098633":{"heading":0.0,"prophash":-348508546,"y":-6745.2802734375,"x":1007.9251098633,"z":61.85266494751},"0.0--848.77709960938":{"heading":0.0,"prophash":-437867473,"y":-1185.3424072266,"x":-848.77709960938,"z":44.310119628906},"25.0--763.86566162109":{"heading":25.0,"prophash":1071795929,"y":-365.08831787109,"x":-763.86566162109,"z":42.292491912842},"0.0--842.63140869141":{"heading":0.0,"prophash":-274058460,"y":-1189.12890625,"x":-842.63140869141,"z":44.127227783203},"-149.0--2694.8408203125":{"heading":-149.0,"prophash":226389619,"y":-1484.4260253906,"x":-2694.8408203125,"z":149.16310119629},"108.0-447.96136474609":{"heading":108.0,"prophash":-1659040226,"y":2246.9016113281,"x":447.96136474609,"z":249.32685852051},"-74.0--2691.2392578125":{"heading":-74.0,"prophash":1418266698,"y":-1479.0317382813,"x":-2691.2392578125,"z":148.6824798584},"20.0-474.50152587891":{"heading":20.0,"prophash":1813762320,"y":2255.0327148438,"x":474.50152587891,"z":248.6462097168},"73.0--768.10217285156":{"heading":73.0,"prophash":566746786,"y":-342.87341308594,"x":-768.10217285156,"z":41.849960327148},"0.0-982.34271240234":{"heading":0.0,"prophash":-348508546,"y":-6723.08984375,"x":982.34271240234,"z":55.518821716309},"12.0--310.85977172852":{"heading":12.0,"prophash":-965956337,"y":794.39666748047,"x":-310.85977172852,"z":118.31115722656},"64.0--2453.4313964844":{"heading":64.0,"prophash":1178039658,"y":-1459.3291015625,"x":-2453.4313964844,"z":150.2681427002},"92.0--2193.3745117188":{"heading":92.0,"prophash":371901142,"y":-1562.5416259766,"x":-2193.3745117188,"z":151.14045715332},"0.0-1012.8419189453":{"heading":0.0,"prophash":-1443906703,"y":-6723.0151367188,"x":1012.8419189453,"z":71.27409362793},"0.0--2694.7468261719":{"heading":0.0,"prophash":634946146,"y":-1499.0838623047,"x":-2694.7468261719,"z":152.07299804688},"99.0--788.50653076172":{"heading":99.0,"prophash":1071795929,"y":-342.67120361328,"x":-788.50653076172,"z":42.327182769775},"107.0--269.48373413086":{"heading":107.0,"prophash":261622973,"y":802.94189453125,"x":-269.48373413086,"z":119.62977600098},"109.0--2534.0231933594":{"heading":109.0,"prophash":1356860375,"y":-1366.1372070313,"x":-2534.0231933594,"z":151.93644714355},"-192.0--762.45233154297":{"heading":-192.0,"prophash":1170245472,"y":-364.67095947266,"x":-762.45233154297,"z":42.308330535889},"152.0--2204.7250976563":{"heading":152.0,"prophash":1239214655,"y":-1601.9582519531,"x":-2204.7250976563,"z":147.83932495117},"0.0--2192.6652832031":{"heading":0.0,"prophash":171105065,"y":-1562.6239013672,"x":-2192.6652832031,"z":151.1485748291},"0.0--2696.3161621094":{"heading":0.0,"prophash":988533890,"y":-1482.3684082031,"x":-2696.3161621094,"z":149.15953063965},"119.0--2115.5659179688":{"heading":119.0,"prophash":1178039658,"y":-1129.6221923828,"x":-2115.5659179688,"z":128.20108032227},"0.0-2493.0698242188":{"heading":0.0,"prophash":579417226,"y":895.42120361328,"x":2493.0698242188,"z":73.749282836914},"0.0--2693.5759277344":{"heading":0.0,"prophash":988533890,"y":-1479.6499023438,"x":-2693.5759277344,"z":149.07960510254},"118.0--2192.5690917969":{"heading":118.0,"prophash":324674692,"y":-1564.4932861328,"x":-2192.5690917969,"z":151.18675231934},"0.0--816.58410644531":{"heading":0.0,"prophash":-988537915,"y":-1320.3114013672,"x":-816.58410644531,"z":44.218631744385},"0.0--2209.1154785156":{"heading":0.0,"prophash":-1332712371,"y":-1605.5222167969,"x":-2209.1154785156,"z":147.19175720215},"0.0--818.93200683594":{"heading":0.0,"prophash":934706428,"y":-1317.2263183594,"x":-818.93200683594,"z":44.212871551514},"93.0--2189.4460449219":{"heading":93.0,"prophash":1126824571,"y":-1563.0333251953,"x":-2189.4460449219,"z":151.20027160645},"-213.0--2121.828125":{"heading":-213.0,"prophash":1356860375,"y":-1188.2272949219,"x":-2121.828125,"z":130.67918395996},"-95.0--2342.849609375":{"heading":-95.0,"prophash":-278966957,"y":-1491.1103515625,"x":-2342.849609375,"z":139.81842041016},"-90.0--816.76611328125":{"heading":-90.0,"prophash":-1043434543,"y":-1319.3250732422,"x":-816.76611328125,"z":44.237842559814},"0.0--817.04766845703":{"heading":0.0,"prophash":-796023032,"y":353.88040161133,"x":-817.04766845703,"z":98.639167785645},"141.0-479.56454467773":{"heading":141.0,"prophash":-2082428628,"y":2243.4572753906,"x":479.56454467773,"z":248.70745849609},"0.0--810.50695800781":{"heading":0.0,"prophash":-56104263,"y":-1238.7590332031,"x":-810.50695800781,"z":44.100273132324},"-77.0-454.103515625":{"heading":-77.0,"prophash":-1659040226,"y":2248.9479980469,"x":454.103515625,"z":249.33721923828},"-99.0--2193.6140136719":{"heading":-99.0,"prophash":43610503,"y":-1559.384765625,"x":-2193.6140136719,"z":151.11500549316},"7.0--287.55541992188":{"heading":7.0,"prophash":-965956337,"y":826.22631835938,"x":-287.55541992188,"z":120.26375579834},"-69.0--273.6383972168":{"heading":-69.0,"prophash":-965956337,"y":819.98358154297,"x":-273.6383972168,"z":119.62270355225},"0.0--816.74523925781":{"heading":0.0,"prophash":-988537915,"y":-1321.3415527344,"x":-816.74523925781,"z":44.215919494629},"0.0-979.73919677734":{"heading":0.0,"prophash":-348508546,"y":-6741.1162109375,"x":979.73919677734,"z":50.495712280273},"65.0--2700.9714355469":{"heading":65.0,"prophash":1180790789,"y":-1477.3963623047,"x":-2700.9714355469,"z":149.58209228516},"0.0--818.97039794922":{"heading":0.0,"prophash":-796023032,"y":-1317.1884765625,"x":-818.97039794922,"z":44.216743469238},"0.0-476.80694580078":{"heading":0.0,"prophash":1946434792,"y":2249.0920410156,"x":476.80694580078,"z":248.70483398438},"-28.0-480.46691894531":{"heading":-28.0,"prophash":1365448823,"y":2254.0241699219,"x":480.46691894531,"z":248.81394958496},"95.0--758.00921630859":{"heading":95.0,"prophash":-304029326,"y":-350.33862304688,"x":-758.00921630859,"z":41.628227233887},"0.0--2189.64453125":{"heading":0.0,"prophash":226389619,"y":-1557.3470458984,"x":-2189.64453125,"z":151.12399291992},"167.0--2699.0673828125":{"heading":167.0,"prophash":1418266698,"y":-1484.7102050781,"x":-2699.0673828125,"z":149.45704650879},"0.0--840.88372802734":{"heading":0.0,"prophash":-437867473,"y":-1184.9783935547,"x":-840.88372802734,"z":44.432567596436},"59.0--2209.6083984375":{"heading":59.0,"prophash":385845519,"y":-1605.0169677734,"x":-2209.6083984375,"z":147.21452331543},"-39.0-482.91967773438":{"heading":-39.0,"prophash":-2082428628,"y":2247.60546875,"x":482.91967773438,"z":248.77244567871},"-327.0-449.38442993164":{"heading":-327.0,"prophash":-1659040226,"y":2251.5144042969,"x":449.38442993164,"z":249.46221923828},"-77.0--2189.6022949219":{"heading":-77.0,"prophash":457118649,"y":-1561.4647216797,"x":-2189.6022949219,"z":151.20054626465},"0.0-0.0":{"heading":0.0,"prophash":1492684531,"y":0.0,"x":0.0,"z":0.0}}